product_id,category,product_name,brand,price,stock,rating,num_reviews,description,sex,image_url,product_link
1,shirt,Áo Thun Polo Nam Ngắn Tay Dáng Rộng Thời Trang Hàn Quốc Dành Cho áo polo nam form rộng áo polo cặp áo polo nam big size áo phông polo nam áo polo trắng áo polo tay lỡ,Canifa,214200,120,4.6,32,"Chất liệu cotton, thoáng mát",male,https://bizweb.dktcdn.net/100/534/573/products/frame-4415.jpg?v=1732700717757,https://s.shopee.vn/AUlbmlYgFX
2,shirt,Áo thun nam hàng đầu Mùa hè mới cổ tròn áo thun nam thường ngày Quần áo nam Áo thun dáng rộng tay ngắn hoạt hình in hình áo thun nam thời trang Quần áo nam áo thun nam,IVY Moda,84200,80,4.7,21,"Kiểu dáng thanh lịch, dễ phối",female,https://bizweb.dktcdn.net/100/409/545/files/305661599-2233859066799333-2816418916497377809-n.jpg?v=1663732679803,https://s.shopee.vn/9KZeOcd7cK
3,pants,AMANDA Thanh lịch áo sơ mi nữ áo sơ mi croptop sơ mi croptop áo sơ mi áo sơ mi nữ kiểu áo sơ mi kiểu sơ mi nữ áo sơ mi kiểu nữ  áo đẹp áo 0đ áo 0k áo nữ đẹp áo áo nữ kiểu áo sơ mi cổ tàu áo sơ mi công sở áo sơ mi nữ tay ngắn sơ mi trắng nữ áo sơ mi bigsiz,Levi's,149000,60,4.5,18,"Phong cách trẻ trung, bền màu",male,https://product.hstatic.net/200000325151/product/r2efk-quan-jean-rach-nam_9684de705f0b42e4bdab711e79809221.png,https://s.shopee.vn/9Ut4avcUHN
4,dress,HEINS Quần jean rách nam ống rộng mầu xám smoke chất jean bò phong cách hàn quốc quần jeans rách quần jean nam baggy quần jean nam co giãn quần jean nam cao cấp wash quần jean nam boy phố,H&M,239000,40,4.8,25,"Dáng dài, họa tiết hoa nhí",female,https://mdufashion.com/wp-content/uploads/2025/04/Gold-Home-Real-Estate-Social-Media-Post-1024x1024.png,https://s.shopee.vn/9fCUnEbqwQ
5,jacket,đầm váy dài đầm dài đầm maxi váy hoa váy hoa nhí dáng dài  sườn xám váy dài tiểu thư  váy dài sang chảnhváy tỷ tỷ trung quốc đầm vintage pháp váy trung hoa váy vintage dáng dài sườn xám trung hoa đầm trung hoa set váy trung hoa váy trung quốc đầm trung qu,Routine,451300,50,4.6,19,"Chống gió, cá tính",male,https://product.hstatic.net/1000209952/product/z4933862247115_f37575e7f14e9f115b631cdfd3734e56_428962b169ab46fb95dd15fa6fcad503_large.jpg,https://s.shopee.vn/9pVuzXbDbT
6,pants,áo khoác bomber nhung tăm áo khoác bomber nữ Mùa thu và mùa đông áo khoác vải tweed dày nam áo khoác len cao cấp áo khoác bông ngắn nam sable áo khoác cao cấp,NEM,310000,70,4.4,13,"Lưng cao, tôn dáng",female,https://lamia.com.vn/storage/anh-seo/quan-tay-nu-lung-cao-dep.jpg,https://s.shopee.vn/60JCQUpoNk
7,shirt,Quần Tây Nữ Lưng Cao KATIE Dài 95cm Kiểu Quần Tây Nữ Công Sở Phù Hợp Đi Làm Đi Chơi Quần Lưng Cao,Lacoste,250000,30,4.7,27,"Thêu logo, chất liệu cao cấp",male,https://product.hstatic.net/200000690725/product/7_4d50f92cb2ff4039b3f7cfbc1f0509f6.png,https://s.shopee.vn/6AcccnpB2n
8,jacket,Áo Thun Polo Nam Oriole - Áo Nam - Áo Polo Nam - Áo Thun Nam Đẹp - Áo Thun Nam Cổ Thêu Nổi Logo Rubik (Big Size),Uniqlo,187000,55,4.5,16,"Chống nước, nhẹ",female,https://bizweb.dktcdn.net/thumb/1024x1024/100/310/270/products/z5659612544162-f0bf3566fc6c41e026f546497bedab8b.jpg?v=1721713066580,https://s.shopee.vn/6Kw2p6oXhq
9,pants,"Áo khoác nữ nữ cao cấp, áo khoác gió dù, Áo khoác gió nữ CROPTOP có dây rút áo khoác gió croptop trơn có dây rút",Nike,119000,90,4.6,22,"Co giãn, thoải mái vận động",male,https://thegioidotap.vn/wp-content/uploads/2024/06/quan-dai-the-thao-nam-jogger-sg10-10.jpg,https://s.shopee.vn/6VFT1PnuMt
10,dress,"Quần thể thao nam kaki 💥VẢI TỐT 💥 Quần jogger phối dài trơn túi hộp bó ống Hàn Quốc mùa hè thu đẹp NA,I C",Zara,59000,35,4.8,14,"Chấm bi, nữ tính",female,https://thoitrangnuhoang.com/data/Product/dam-xoe-cham-bi-tay-lo-3_1606657340.jpg,https://s.shopee.vn/5L3VdGsLjg
11,hoodie,"{HÀNG THIẾT KẾ} Váy cổ yếm chấm bi dáng xoè váy chấm bi váy xoè váy tafta đầm cổ yếm chấm bi đầm đi tiệc sang chảnh, sẵ.",Local,435000,100,4.7,30,"Nỉ dày, ấm áp",unisex,https://zizoou.com/cdn/shop/files/Ao-hoodie-2-White-1_Extras-ZiZoou-Store_4472x.jpg?v=1686326525,https://s.shopee.vn/5VMvpZriOj
12,shorts,"áo hoodie nam，thời trang nam，áo unisex，oversize nam，bigsize，áo khoác dù，áo đôi nam nữ，Plus Áo Khoác Trùm Đầu Dáng Rộng Màu Đen Sáng Kích Thước Lớn Thời Trang Xuân Thu Cho Nam Và Nữ,đen，áo đông nam，hoodie xám，hoodie zip form boxy，áo mùa đông nam boy phố",Canifa,639700,60,4.5,12,"Năng động, trẻ trung",female,https://cdn.boo.vn/media/catalog/product/1/_/1.2.09.1.23.002.124.01.60600034_1__4.webp,https://s.shopee.vn/5fgM1sr53m
13,sweater,"quần đùi nữ quần short nữ quần short jean nữ quần sọt nữ Quần short denim thẳng retro cho nữ, cạp cao, dáng ôm, rộng rãi, quần dài vừa phải, mùa hè, quần short ống rộng mỏng",H&M,130200,40,4.6,10,"Giữ ấm, thời trang",female,https://sakurafashion.vn/upload/sanpham/large/27020-ao-len-co-lo-nu-hoa-tiet-van-thung-phong-cach-retro-1.jpg,https://s.shopee.vn/5pzmEBqRip
14,jacket,Hàng sẵn áo len giữ ấm thu đông áo len dệt kim áo mặc trong giả áo len hai mảnh áo len nam thu đông 2024 mẫu mới Áo len cổ áo Áo Len Nam Sọc phù hợp màu áo len ấm áp,Routine,560700,20,4.8,8,"Da thật, bền đẹp",male,https://product.hstatic.net/200000366789/product/erk08452_ff93edf29120485f8df1b346f61c7abd_master.jpg,https://s.shopee.vn/7Koa0wkjg8
15,leggings,【2 Colors】Áo khoác da nam mùa thu thời trang ve áo giản dị ngắn thời trang áo khoác thể thao nam mỹ thương hiệu mới slim-fit biker áo khoác nam kaki áo khoác da nam áo jacket nam áo khoác chống nước,Nike,139300,70,4.7,15,"Co giãn, ôm dáng",female,https://static.sonkimfashion.vn/static/file/image/jockey/jockey-quan-legging-the-thao-jockey-lung-cao-0228-den-quan-1_4c24d5bb3121421e83d46072db835f15_master.jpg,https://s.shopee.vn/7V80DFk6LB
16,shirt,"Quần Legging lông cừu DESERT, Quần Legging mỏng co giãn mùa đông, Quần Legging đến mắt cá chân Ấm áp Quần Legging Skinny Quần Legging cạp cao Nữ Cô gái",IVY Moda,90400,80,4.5,18,"Cổ điển, dễ phối",male,https://product.hstatic.net/200000588671/product/ao-so-mi-nam-bycotton-trang-art-nhan_8ec622a241ea4deb93a02bdbdcb87954.jpg,https://s.shopee.vn/7fRQPYjT0E
17,dress,Áo Sơ Mi Tay Dài Phối Dây Rút Phong Cách Âu Mỹ Thời Trang Cho Nam Sơ Mi Trắng Lụa áo đen Nam áo Sơ Mi Basic áo Thời Trang Nam Sơ Mi Hawaii áo Sơ Mi Trắng Cộc Tay,NEM,344500,25,4.6,9,"Tôn dáng, sang trọng",female,https://thoitrangnuhoang.com/data/Product/1692697879_z4565003127662_e73aa0785e3bf2deffc2152ac61bbe81.jpg,https://s.shopee.vn/7pkqbripfH
18,jacket,Váy 2 dây Váy body dáng dài Váy đi biển Váy trễ vai Đầm dự tiệc Váy body Váy chống nắng Đầm hai dây Vitality Girl Dress Nữ Mùa Hè Phong Cách Mới Giữa Chiều Dài Váy Đeo Hẹp,Uniqlo,261600,60,4.7,20,"Chống gió, nhẹ",male,https://aokhoacnam.vn/upload/product/akn-182/ao-khoac-gio-nam-ghi-chinh-hang.jpg,https://s.shopee.vn/6fYtDinH24
19,pants,Có sẵn áo khoác M-8XL Áo khoác cộng với Áo khoác nhung áo khoác thu đông áo khoác Bông Áo khoác ấm Áo khoác cổ đứng giản dị áo khoác nam trơn Áo Khoác Chống Gió Áo khoác công sở 23E6,Canifa,479500,70,4.4,11,"Lịch sự, thoải mái",male,https://product.hstatic.net/1000133495/product/bdadd17402afd1f188be_9706863837fc42b6bf833b9fd92c016f_master.jpg,https://s.shopee.vn/6psJQ1mdh7
20,shirt,quần ống suông，quần bigsize，quần tây nam，Quần ống rộng，quần đen，quần kaki nam，quần âu nam，quần thể thao，Quần ống rộng Phong Cách Mỹ Cổ Điển Thời Trang Xuân Thu Cho Nam Cỡ Lớn 150.00kg，xanh，đen，trắng，xám，kaki，quần tây nam，quần baggy，quần nam，đồ bộ nam,Local,457900,90,4.5,13,In hình dễ thương,female,https://cdn.kkfashion.vn/27856-large_default/ao-thun-trang-nu-in-hinh-2-co-gai-asm17-35.jpg,https://s.shopee.vn/70BjcKm0MA
21,vest,Áo thun nữ Áo thun in hình thú cưng dễ thương Áo thun in hình động vật dễ thương Áo thun nữ phong cách Hàn Quốc Phong cách mới dáng rộng Cotton nguyên chất in hoạt hình Áo thun ngắn tay nữ mùa hè Áo thun ngắn tay ngắn tay Áo thun ngắn tay nữ,Routine,214500,15,4.8,7,"Lịch lãm, sang trọng",male,https://product.hstatic.net/1000388805/product/ao-vest-nam-cong-so-2_9a9b64a7edb74849ae59faa64fc269ec.jpg,https://s.shopee.vn/7AV9odlN1D
22,pants,"[XẢ KHO] Áo vest Hàn Quốc, Áo vest cao cấp, vest nam công sở, áo vest chú rể, áo vest trung niên",H&M,419100,50,4.6,12,"Dáng rộng, thoải mái",female,https://cdn.kkfashion.vn/14990-large_default/quan-culottes-nu-dang-lung-ong-rong-qcs02-33.jpg,https://s.shopee.vn/3LIRFazxnU
23,jacket,24.6.17 Quần Khiêu Vũ Trung Quốc Nữ Rời Voan Thanh Lịch Culottes Múa Cổ Điển Trình Diễn Trang Phục Thực Hành Quần Ống Rộng Culottes Quần Khiêu Vũ Trung Quốc Nữ Rời Voan Thanh Lịch Culottes Vũ Cổ Điển Trình Diễn Trang Phục Thực Hành Quần Ống Rộng Cul,Levi's,204600,25,4.7,10,"Jean bền, cá tính",male,https://lados.vn/wp-content/uploads/2024/09/z4963812344350_f8f0f67dff98e701aa1ccefb3fa339f1.jpg,https://s.shopee.vn/3VbrRtzKSX
24,dress,Áo Khoác Denim Viền Rách Phong Cách Vintage Thời Trang Cho Nam Thời Trang Áo Khoác Jean Nam  From Rộng Áo Khoác Cặp Nam Nữ Simple Áo Khoác Trơn Áo Khoác Nam Có Cổ,Zara,537800,40,4.5,14,"Dáng suông, dễ mặc",female,https://cdn.kkfashion.vn/28526-home_default/dam-hoa-dang-suong-tay-phong-co-tron-hl27-05.jpg,https://s.shopee.vn/3fvHeCyh7a
25,shirt,【Bess's house】váy nữ sang chảnh，váy sang chảnh，váy ôm body，váy tiểu thư sang chảnh，váy suông，váy bigsize nữ，váy kiểu pháp，Váy Liền，Đầm Dệt Kim Cổ Yếm Ôm Eo Cỡ Lớn Thời Trang Thu Đông Giáng Sinh Cho Nữchân váy chữ a，váy thu đông nữ sang chảnh,Local,391600,110,4.6,17,In chữ nổi bật,male,https://ann.com.vn/wp-content/uploads/22796-z4853758774250-6aa64952ce94ae75d9eaff1da8b866ce-1.png,https://s.shopee.vn/3qEhqVy3md
26,pants,Quần ống rộng Phối Túi Thời Trang Hàn Quốc Cho Nữ Quần ống rộng quần tây nữ quần baggy quần jogger quần nữ,Nike,117700,60,4.7,11,"Thể thao, năng động",female,https://product.hstatic.net/200000584505/product/img_8894-edit_25da367f0625430695f3763cb5a4de8b_master.jpg,https://s.shopee.vn/2g2kSN2V9Q
27,jacket,áo khoác dù，hoodie zip form boxy，style hàn quốc，áo khoác gió，áo đông nam，áo đôi nam nữ mùa đông，bomber xanh，áo unisex，Áo Khoác Có Nón Giả Hai Lớp Thời Trang Trẻ Trung Cho Nam，thời trang nam，áo local brand，đồ bộ nam，áo sweater nỉ nam，hoodie xám，đen,Canifa,568500,80,4.5,15,"Nỉ dày, giữ ấm",male,https://product.hstatic.net/200000163591/product/1_446fbc0ab8634299b69dfd82a40e9c0a_master.png,https://s.shopee.vn/2qMAeg1roT
28,pants,Váy xếp li Váy ngắn chống chói Váy phồng Váy ngắn Váy nửa váy Váy ngắn nhỏ Váy bánh Váy nửa váy trắng Váy an toàn mùa hè Hakama,IVY Moda,212900,70,4.4,13,"Lịch sự, dễ phối",male,https://product.hstatic.net/1000388805/product/quan-tay-nam-mau-xam-toi1_cc2f22175b8e4da1b6808cab584a4878.jpg,https://s.shopee.vn/30faqz1ETW
29,dress,"AMANDA Áo polo nữ siêu hothit, áo thun len tăm mịn siêu sbassic dễ phối đồ Áo len mỏng cộc tay dành cho nữ dáng polo chất len lông Áo polo nữ áo polo nữ croptop polo nữ ÁO POLO ÁO POLO THUN TĂM NỮ SIÊU XINH",NEM,127400,45,4.6,9,"Xếp ly, nữ tính",female,https://bizweb.dktcdn.net/100/409/545/products/c5742002e8134b4d1202.jpg?v=1759806644097,https://s.shopee.vn/3Az13I0b8Z
30,shirt,style hàn quốc，áo khoác dù，áo khoác cardigan nam，áo giữ nhiệt nam，áo gió nam，đồ nam，Plus Áo Khoác Len Dày Dặn Phong Cách Anh Quốc Cho Nam Cỡ Lớn 150.00kg，áo khoác len，bomber，áo tay dài，áo rộng，áo mùa đông nam boy phố，bigsize t shirt，áo nam đẹp,Lacoste,661500,30,4.7,8,Chất liệu cao cấp,female,https://bizweb.dktcdn.net/100/366/703/products/tf11-2-0c4c9d7c-6339-4da1-94b9-5513b811a020.jpg?v=1709794190097,https://s.shopee.vn/4fnoq2ut5s
31,jacket,【M-3XL】QuầN đùI Dsq Gió QuầN Short Nam Trẻ QuầN đùI Nam TúI QuầN Ngố Cotton Nam QuầN Short Nam Buddy QuầN Short Nam ChấT Gió QuầN Short Dù NhăN QuầN đùI Nam D2 QuầN đùI Nữ Nam QuầN đùI Trẻ QuầN đùI BôNg Nam QuầN đùI Nam Lá Phong,Uniqlo,64800,55,4.5,16,"Chống nước, nhẹ",male,https://product.hstatic.net/1000369857/product/1200x1200_0001_layer_17_75121f8bb572468e84ef28bf309c8be1.jpg,https://s.shopee.vn/4q7F2LuFkv
32,shorts,ZYHT váy nữ màu vàng váy vừa vặn váy polyester váy công sở váy lxury váy cưới váy dự tiệc váy dạ hội váy dạ hội 20097,Nike,1200000,90,4.6,22,"Thoáng mát, thể thao",male,https://bizweb.dktcdn.net/100/534/573/products/frame-4459.jpg?v=1732700559953,https://s.shopee.vn/50QfEetcPy
33,dress,"Áo hoodie nữ, áo hoodie nữ màu hồng, áo hoodie nỉ bông, áo hoodie nữ Shopee.",Zara,176000,20,4.8,6,"Sang trọng, nổi bật",female,https://bizweb.dktcdn.net/thumb/large/100/208/198/products/2956-dam-du-tiec-dang-dai-vai-ngang-xep-ly-eo-sang-trong-2.jpg?v=1731469692033,https://s.shopee.vn/5Ak5Qxsz51
34,hoodie,"ZH【Hàng có sẵn】Quần jeans rách American không co giãn, quần jeans ống rộng 9 điểm cho nữ 2025 Quần jeans ống rộng ôm sát hông phong cách cổ điển mùa hè mới Quần denim ống rộng ống rộng ống rộng 9 điểm cho nữ Quần jeans ống rộng 9 điểm cho nữ",Local,299700,100,4.7,30,"Nỉ dày, ấm áp",female,https://zizoou.com/cdn/shop/files/Ao-hoodie-2-White-1_Extras-ZiZoou-Store_4472x.jpg?v=1686326525,https://s.shopee.vn/40Y82oxQRo
35,pants,[Quần Áo Nữ Lingya] Áo Khoác Da Nữ Áo Khoác Ngắn Áo Khoác Nhỏ Áo Khoác Áo Khoác Cao Cấp Retro Xuân Thu Phong Cách Mới Màu Đen Cao Cấp Quần Áo Nữ,Levi's,728700,60,4.5,18,Phong cách trẻ trung,female,https://xuongquanjean.com/public/img/product/800x800/GX4H2c_quan-ong-rong-rach-goi-lon-xanh-dam-7.jpg,https://s.shopee.vn/4ArYF7wn6r
36,sweater,Lưới Rỗng Ra Nữ Quần Thể Thao Nữ Quần Tập Yoga Eo Cao Có Túi Thể Dục Quần Thể Thao Nữ Tập Gym Quần Legging Tập Luyện Quần Tập Thể Dục Mặc Thể Thao Quần Áo Tập Yoga Nữ,H&M,193800,40,4.6,10,"Giữ ấm, thời trang",male,https://pos.nvncdn.com/fa2431-2286/ps/20241220_4xGi5A1Y08.jpeg?v=1734682538,https://s.shopee.vn/4LAyRQw9lu
37,jacket,AMANDA nhiều màu áo nữ đẹp áo áo nữ kiểu áo sơ mi nữ áo sơ mi croptop sơ mi croptop áo sơ mi áo sơ mi nữ kiểu áo sơ mi kiểu sơ mi nữ áo sơ mi kiểu nữ  áo đẹp áo 0đ áo 0k áo sơ mi đen nữ áo sơ mi trắng nữ sơ mi trắng nữ áo sơ mi nữ tay ngắn áo có cổ nữ,Routine,170600,20,4.8,8,"Da thật, bền đẹp",female,https://product.hstatic.net/200000642151/product/_dsc2515_3f5924f5137b4a60b1f981927eb52509_master.jpg,https://s.shopee.vn/4VUOdjvWQx
38,leggings,Thêu Logo MLB NY 100% Nguyên Bản Chống Gió Cặp Đôi Áo Khoác Chống Nắng Quần Áo Da Quần Áo Áo Khoác Cho Nữ Áo Khoác Trơn Có Khóa Kéo Bomber Áo Khoác Gió Áo Khoác Nam,Nike,421200,70,4.7,15,"Co giãn, ôm dáng",female,https://bizweb.dktcdn.net/100/455/994/products/frame-1174.jpg?v=1672217577250,https://s.shopee.vn/gHg4hA7DE
39,shirt,"Quần Kaki Nữ Ống Suông, Quần Kaki Nữ Ống Rộng HiYou, Quần Thô Xuông Nữ Kaki Cạp Trễ KKGM",IVY Moda,134000,80,4.5,18,"Cổ điển, dễ phối",female,https://g2000vn.com/wp-content/uploads/2024/04/8-10.jpg,https://s.shopee.vn/qb6H09TsH
40,dress,Áo phông nam form rộng thời trang áo thun in hình áo thun thể thao nam mùa hè simple áo phông nam nữ cotton áo thun nam đẹp harajuku áo thun form rộng unisex áo thun tay lỡ nam,NEM,193300,25,4.6,9,"Tôn dáng, sang trọng",female,https://down-vn.img.susercontent.com/file/vn-11134208-7ras8-m3ofax9408n01f,https://s.shopee.vn/10uWTJ8qXK
41,jacket,"Áo vest nữ áo blazer nữa áo vest nữ công sở cao cấp, có độn vai, có lót lụa áo vest nữ quà 20/10 áo vest 2 lớp",Uniqlo,199000,60,4.7,20,"Chống gió, nhẹ",female,https://2885371169.e.cdneverest.net/pub/media/catalog/product/6/o/6ot24w002-sa880-2a.webp,https://s.shopee.vn/1BDwfc8DCN
42,pants,BLANKESPACE Quần SIX9 CULLOTES Chất Liệu Bố Sợi Tổng Hợp Nam Nữ Unisex,Canifa,670000,70,4.4,11,"Lịch sự, thoải mái",female,https://leika.vn/wp-content/uploads/2024/08/Thiet-ke-chua-co-ten-2024-08-31T181834.229.png,https://s.shopee.vn/11zHTCeZA
43,shirt,"áo khoác denim nữ, áo khoác jean nữ, áo khoác nữ dáng rộng, áo khoác jean áo khoác jean nữ đẹp, áo khoác jean nữ cá tính",Local,580000,90,4.5,13,In hình dễ thương,male,https://halybigsize.vn/wp-content/uploads/2024/04/H576-Ao-thun-cotton-in-hinh-doc-la-bigsize-nam-3.png,https://s.shopee.vn/BLPTmC1ED
44,vest,"Váy ren trong suốt siêu đẹp năm nay, váy cổ tích ngọt ngào, dáng suông bán trong suốt, váy ngắn trẻ trung giúp tôn dáng ",Routine,438100,15,4.8,7,"Lịch lãm, sang trọng",female,https://dongphucphuquy.com/wp-content/uploads/2025/09/ao-vest-nu-dong-phuc-cong-so-pq45.jpg,https://s.shopee.vn/Lepg5BNtG
45,pants,Áo thun nữ Áo thun nữ mùa hè Nữ phiên bản Hàn Quốc Áo thun Cotton phong cách mới In chữ dáng rộng Kích thước lớn Áo thun Cotton ngắn tay nguyên chất Áo thun nữ ngắn tay mùa hè,H&M,161000,50,4.6,12,"Dáng rộng, thoải mái",male,https://img.lazcdn.com/g/p/cfa9c990935d4aa66268f5be9de1d579.jpg_720x720q80.jpg,https://s.shopee.vn/VyFsOAkYJ
46,jacket,"quần nam  quần nam dài quần nam ống suông quần nam boy phố 	quần nam ống rộng  quần nam thể thao",Levi's,160600,25,4.7,10,"Jean bền, cá tính",female,https://theblues.com.vn/wp-content/uploads/2023/01/aaa-1.jpg,https://s.shopee.vn/20n3f952Vc
47,dress,YOSBOGR áo khoác nữ áo khoác hoodie áo khoác áo hoodie nữ áo hoodie áo khoác hoodie nữ 02,Zara,157700,40,4.5,14,"Dáng suông, dễ mặc",male,https://vanizen.vn/wp-content/uploads/2023/09/V01-TO-ONG-TRON-65-11.jpg,https://s.shopee.vn/2B6TrS4PAf
48,shirt,Áo thun nam áo phông nam  áo phông nam boy phố   áo phông nam form rộng  áo phông nam big size  áo phông nam đẹp  áo phông nam basicáo phông nam basic  áo thun oversize,Local,141300,110,4.6,17,In chữ nổi bật,female,https://bizweb.dktcdn.net/100/386/478/products/57327d92-d6d6-4bb9-ab1f-4d35119f7b12.jpg?v=1648116774590,https://s.shopee.vn/2LPu3l3lpi
49,pants,AMANDA (S--XXL) áo nữ đẹp áo áo nữ kiểu  áo sơ mi hàn quốc sơ mi nữ hàn quốc áo sơ mi croptop nữ áo sơ mi nữ áo sơ mi croptop sơ mi croptop áo sơ mi áo sơ mi nữ kiểu áo sơ mi kiểu sơ mi nữ áo sơ mi kiểu nữ áo sơ mi tay phồng sơ mi tay phồng áo sơ mi nữ ta,Nike,149000,60,4.7,11,"Thể thao, năng động",male,https://product.hstatic.net/1000369857/product/kaki_dai_jogger_1200x1200_0000_layer_26_b22be9b19a4f4121827c866c78b45394.jpg,https://s.shopee.vn/2VjKG438Ul
50,jacket,Quần Jean Mỏng 7 Lớp Nam Slim-fit Skinny Quần Hợp Thời Trang Quần Short Nam Quần Giữa Quần Nam,Canifa,354800,80,4.5,15,"Nỉ dày, giữ ấm",female,https://product.hstatic.net/1000362402/product/ecd6a6610d8b72773f9f9b38624078f777ed3_65324e9aeade462e8fc376be306703c5_effb4bfa9f74487a9063f6a2f97e4fca_master.jpg,https://s.shopee.vn/1LXMrv7ZrY
51,shirt,set đồ nữ váy chân váy váy nữ váy đi biển đầm dự tiệc chân váy dài váy trắng váy hoa nhí dáng xòe chữ a ao chống nắng toàn thân đầm hoa nhí cổ vuông tay bồng bộ đũi bèo tiểu thư do lot ren sexy Đầm Ren Tay Ngắn Phong Cách Thời Trang Phương Tây Mới Cho Nữ,Canifa,502000,130,4.6,25,"Cotton mềm, thoáng mát",male,https://product.hstatic.net/200000605631/product/-nam-insidemen-regular-fit-itsr08__3__0f738bcc528c4e5ea5bb2b82a589a7c8_414c7d2ed96a4fc7bc8489dde347291b.jpg,https://s.shopee.vn/1Vqn4E6wWb
52,shirt,áo dạ áo dạ áo khoác dạ tiêu áo khoác dạ tiểu thư áo khoác dạ đen cúc áo dạ áo dạ khoác ngoài áo dạ đen áo d,IVY Moda,150000,75,4.7,19,Thiết kế tay phồng nữ tính,female,https://mediaelly.sgp1.digitaloceanspaces.com/uploads/2024/07/02185753/nhung-mau-ao-so-mi-nu-tay-phong-nang-nen-co-trong-tu-do.1-600x330.jpg,https://s.shopee.vn/1gADGX6JBe
53,pants,"Quần tây nam kiểu dáng Hàn Quốc, quần tây nam công sở, quần âu nam vải tây Tuyết mưa co giãn nhẹ, không nhăn k xù",Levi's,145000,50,4.6,14,"Ôm dáng, chất liệu jean cao cấp",male,https://product.hstatic.net/200000886795/product/img-xanh-cham-dam-quan-jeans-nam-aristino-slim-fit-ajn04202__2__8657197874304d2093ffc978f9119cc9.jpg,https://s.shopee.vn/1qTdSq5fqh
54,dress,Áo Polo Nam The Bad God Basic Serenity Form Rộng Cổ Bẻ Tay Ngắn Áo Basic Local Brand Áo Có Cổ Áo Polo The Bad God,Zara,250000,40,4.7,12,"Dáng xòe, họa tiết hoa nhí",female,https://cdn.kkfashion.vn/26534-large_default/dam-hoa-nhi-dang-xoe-nhe-phoi-dang-ten-kk163-10.jpg,https://s.shopee.vn/8pdNnhf1e4
55,jacket,Hàng sẵn có Áo khoác giữ nhiệt ngoài trời Cổ áo lông lớn Áo khoác đôi Áo khoác xuống hai áo khoác giữ nhiệt mở Tất cả các trận đấu Áo khoác xuống mùa đông Khóa nhiệt độ Áo khoác chống gió chống lạnh Áo khoác xuống vịt trắng mùa đông Áo khoác có mũ trùm đầ,Routine,795100,35,4.8,10,"Dày dặn, giữ ấm tốt",female,https://product.hstatic.net/1000178779/product/v65w24t020-s1800-_2__7da7fd49895c4eeb93945d34ee0c2e7f_master.jpg,https://s.shopee.vn/8fJxbOfez3
56,pants,"Quần Jogger Nam,Quần Dài Umi Nam Cạp Chun Bo Gấu Quần dài thể thao nam lé sọc ống bo nhẹ chất umi tàu co giãn",NEM,69000,65,4.5,11,"Lịch sự, dễ phối đồ",male,https://product.hstatic.net/1000102419/product/thmos473blue_mpp066navy_1_22c38ed016184e91a120ec87bdbe4c09_master.jpg,https://s.shopee.vn/9AGECJdkyA
57,shirt,Yof Cao Cấp Váy Midi Nữ Rời Phù Hợp Với Váy Cao Cấp Chữ A Váy Midi Có Túi Cho Nữ Công Sở Nút Thời Trang Trang Trang Trí Quần Áo Lao Động Màu Trơn Váy Thường Ngày Nữ,Lacoste,318900,30,4.7,20,"Chất liệu pique, thấm hút tốt",male,https://4menshop.com/images/thumbs/2020/12/ao-polo-tron-basic-po016-mau-hong-15750.jpg,https://s.shopee.vn/8zwo00eOJ9
58,jacket,【5XL】Hoodie áo khoác hoodie hoodie đen áo hoodie cute cặp áo hoodie unisex form rộng phong cách Hàn Quốc áo hoodie anime unisex street style,Uniqlo,388800,55,4.6,18,"Nhẹ, chống gió hiệu quả",unisex,https://product.hstatic.net/1000150581/product/1524d7626-1__1__57804971f6c444c4bd51e1d706286914_1024x1024.jpg,https://s.shopee.vn/8ANh0ThZ00
59,pants,Quần Muay Thái Another Boxer Chính Hãng Muay Thai Short Chất Liệu Satin Cao Cấp,Nike,299000,80,4.6,21,"Vải co giãn, thoải mái vận động",male,https://product.hstatic.net/200000471735/product/mjg003k4-3-e04_7f448bdb418c4bc9bb22a8081baa54b0.jpg,https://s.shopee.vn/804GoAiCKz
60,dress,"Áo len nam và nữ có sẵn, áo len dệt kim bốn mùa, áo sơ mi đáy có giá] Thương hiệu thời trang rộng rãi mới của nam giới giả lông chồn Thanh Niên Áo len cổ tròn của nam giới, Áo Len Nam Cổ Cao, Áo Len Nam, cặp đôi, cộng với nhung 10 nhân dân tệ",H&M,420500,40,4.8,16,"Dáng midi cổ điển, dễ phối",female,https://pos.nvncdn.com/f567fc-206017/ps/20220726_wVRAKTITFIkJHA3Lw2nTlC22.jpg?v=1673573548,https://s.shopee.vn/8V0XP5gIK6
61,hoodie,【Bess's house】áo khoác croptop+chân váy jean chữ a，bộ quần áo nữ mùa hè，set đồ nữ đi chơi，áo khoác jean，Dopamine Thường Ngày Màu Hồng Denim Bộ Rời Xuân Thu Hè Áo Khoác Trẻ Trung Tay Ngắn Mới Quần Short Hai Mảnh Bộ，set denim nữ，bộ đồ，set bộ，đồ bộ,Local,678400,95,4.7,25,Phong cách đường phố,unisex,https://product.hstatic.net/200000642007/product/50bks_3ahdb0851_1_bc6947e98a7045048758f6809875a7a4_8fc257146195440e8f485149f042fc42.jpg,https://s.shopee.vn/8Kh7Cmgvf5
62,shorts,🔥 Quần legging giảm béo mùa thu đông 2024 🔥 có hàng sẵn Quần legging nữ giữ ấ Quần legging eo cao chống lạnh Quần legging bó sát giữ nhiệt mùa đông yoga Mặc bên ngoài Siết chặt cơ bụng và nâng mông ❈ Quần cá mập lót lông cừu Quần ngoài nữ 2023 Quần legg,Nike,628100,85,4.6,17,"Chất liệu nhẹ, thoáng khí",male,https://product.hstatic.net/200000690725/product/bw600_538ca8fce00845c4bbe47045625e1b75_master.jpg,https://s.shopee.vn/AA8lO9ZwwS
63,sweater,hàn quốc，áo thun form rộng，áo thun tay lỡ，áo thun unisex，áo phông nam，áo thun nam，đồng phục nhật bản，áo phông xanh，tay lỡ nam，áo oversize nam，áo form rộng，đồ bộ nam，thời trang nam，cổ điển，áo nam，Áo Sơ Mi Nam Tay Ngắn Kẻ Sọc Thời Trang Trẻ Trung,H&M,125200,45,4.5,10,"Giữ ấm, dễ phối với áo khoác",male,https://pos.nvncdn.com/fa2431-2286/ps/20241211_ftKL4fqvk5.jpeg?v=1733903246,https://s.shopee.vn/9zpLBqaaHR
64,jacket,Zyht EraVogue Váy Nữ Váy Hồng Váy bó sát Váy dài tay Váy công sở Váy Hiso Váy cổ điển Váy công sở Váy dự tiệc Váy dạ hội 11454,Levi's,1000000,30,4.7,12,"Jean xước nhẹ, phong cách",unisex,https://5sfashion.vn/storage/upload/images/ckeditor/Xxw38gYFSZon9R3DPlUtX4pTEjn1JbYXvSmkdyHu.jpg,https://s.shopee.vn/AUlbmlYgGY
65,leggings,Áo Khoác Dù Nam Oriole - Áo Khoác Nam Cao Cấp - Áo Khoác Cho Nam - Áo Khoác Có Mũ Rời Vải Dù 2 Lớp Cao Cấp (Có size to 3,Nike,271200,70,4.8,14,"Co giãn, thoải mái khi tập luyện",female,https://bizweb.dktcdn.net/100/455/994/products/frame-1174.jpg?v=1672217577250,https://s.shopee.vn/AKSBaSZJbX
66,shirt,【luckin men's】quần bigsize， quần thun nam，quần jeans，quần dài nam，quần bò nam，quần túi hộp，quần ống suông，quần đen，quần nam，quần tây nam，Quần Jean Dài Dáng Rộng Ống Đứng Thời Trang Thu Đông Cho Nam，đen，trắng，xám，kaki，xanh lam,IVY Moda,268600,75,4.5,15,Kẻ sọc thời trang,male,https://product.hstatic.net/200000887901/product/dsc07883_28eaf10db7884f70973ae8b9c6eea18a.jpg,https://s.shopee.vn/9Ut4avcUIO
67,dress,AMANDA 25 loại đồ họa Chất thun len tăm mềm mịn áo thun ôm body áo thun nữ áo thun nữ kiểu áo cộc tay nữ áo thun nữ form rộng  áo thun nữ form vừa áo thun nữ đẹp dáng áo thun trắng áo phông nữ cổ tròn,Zara,116600,20,4.9,7,"Dáng dài, sang trọng",female,https://bizweb.dktcdn.net/100/368/426/products/vay-cuoi-han-quoc-don-gian-3-42c89cb9-4f8f-49e5-b90a-a309dd5e3423.jpg?v=1683820468310,https://s.shopee.vn/9KZeOcd7dN
68,jacket,Muscle Brothers Áo ghi lê thể thao Áo Vest nam thể thao Áo thun chạy bộ Áo thun thoáng khí Slim-Fit Bộ đồ tập luyện phong cách mới Đào tạo nhanh khô Áo thun thoáng khí Áo Vest thể dục Hình chữ I Áo Vest Slim-Fit Thân thiện với da Đọc,Uniqlo,129600,60,4.6,13,"Chống nước, dễ gấp gọn",unisex,https://4menshop.com/images/thumbs/2021/10/ao-khoac-du-hai-lop-co-non-ak001-mau-reu-15149-slide-products-617b942de4fab.jpg,https://s.shopee.vn/9pVuzXbDcU
69,pants,【Bess's house】áo len mongtoghi nữ+áo sơ mi kiểu，áo len kiểu+áo xanh dương，áo len hàn quốc nữ，áo len dệt kim，set len nữ quảng châu，set sơ mi gile，Set Áo Sơ Mi Tay Dài Và Áo Khoác Len Không Tay Màu Xám Thời Trang Thu Đông Cho Nữ,Canifa,248800,70,4.4,11,"Thoải mái, lịch sự",male,https://linhvnxk.com/wp-content/uploads/2020/05/quan-elegance-han-quoc-ong-suong-7.jpg,https://s.shopee.vn/9fCUnEbqxT
70,shirt,Zyht EraVogue Váy Nữ Váy Đen Hình Chữ A Váy Chấm Bi Váy Công Sở Váy Hiso Váy Vintage Váy Công Sở Váy Công Sở Váy Dự Tiệc Váy Dạ Hội 40603,Local,1100000,100,4.6,20,"Form rộng, phong cách hiện đại",female,https://bizweb.dktcdn.net/100/369/522/files/ao-thun-nu-tay-lo-form-rong-xanh-nhat-dkmv-3.jpg?v=1643122347181,https://s.shopee.vn/6AcccnpB3o
71,vest,"Áo polo nữ vải cotton cao cấp co giãn 4 chiều, áo thể thao nữ oversize basic, áo đồng phục ATPL",Routine,119000,18,4.8,6,"Dáng ôm, lịch lãm",male,https://4menshop.com/images/thumbs/2022/08/-17106.JPG,https://s.shopee.vn/60JCQUpoOn
72,pants,áo phao nam quảng châu áo phao nam hàn quốc Áo khoác lông vũ hàng hiệu áo khoác nam mùa đông 2023 mẫu mới mùa đông dày dặn thời trang thương hiệu thời trang áo khoác bông áo khoác liền mũ mẫu ngắn,H&M,398500,55,4.5,10,"Dáng baggy, trẻ trung",female,https://cirrus.com.vn/wp-content/uploads/2023/06/DSC09317.jpg,https://s.shopee.vn/6VFT1PnuNu
73,jacket,Quần dài ống rộng cạp trễ Y2K quầ dài ống rộng nữ quần jogger nữa ống rộng dây rút VIỀN TRẮNG quần dài ống rộng,NEM,144000,45,4.6,9,"Giữ ấm, nhẹ nhàng",female,https://airui.store/wp-content/uploads/2023/12/Ao-Cardigan-Len-Nu-Dinh-Hoa-No-Mau-Trang-Be-Ao-Khoac-Len-Hang-Dep.jpg,https://s.shopee.vn/6Kw2p6oXit
74,dress,"Váy xanh kẻ caro suông dáng dài chất đũi mềm mát, đầm kẻ bigsize dáng suông",IVY Moda,145000,35,4.7,11,Phù hợp môi trường làm việc,female,https://cdn.kkfashion.vn/26683-large_default/dam-cong-so-nu-mau-den-dang-om-sat-nach-kk163-32.jpg,https://s.shopee.vn/5VMvpZriPk
75,shirt,Trừu Tượng In Quần Áo Nam Graphic Tee Nam Áo nam Quần Áo Mùa Hè Nam Áo Thun Nữ Tay Ngắn Tee Trừu Tượng Đồ Họa Tee Nam,Lacoste,78600,28,4.8,8,"Cổ bẻ, vải pique cao cấp",female,https://2885371169.e.cdneverest.net/pub/media/catalog/product/6/t/6tp24s003-so014-thumb.webp,https://s.shopee.vn/5L3VdGsLkj
76,jacket,Áo hoodie zip nam nữ áo khoác nỉ hoodie basic form rộng áo nỉ bông unisex nam nữ siêu dày,Uniqlo,138000,40,4.7,14,"Cực nhẹ, giữ ấm tốt",male,https://aokhoacnam.vn/upload/product/akn-027/ao-khoac-phao-nam-den-cao-cap.jpg,https://s.shopee.vn/5pzmEBqRjq
77,pants,"Quần tây nữ ống loe ,quần tây đen ống loe cạp cao , quần tây nữ lưng cao 1 cút PLQ105 (HÌNH CHÍNH CHỦ)",Nike,129500,60,4.7,12,Phong cách thể thao năng động,female,https://ann.com.vn/wp-content/uploads/17023-clean-z3527640380216-201802c534d5e541864be09dd2e16d26.jpg,https://s.shopee.vn/5fgM1sr54p
78,dress,Tb xeno thanh niên áo khoác nam áo khoác da mới Áo khoác da Mỹ retro màu tương phản đường phố cao thêu áo khoác bóng chày da lộn cho nam và nữ,Zara,504100,35,4.5,10,"Caro cổ điển, dễ thương",female,https://mediaelly.sgp1.digitaloceanspaces.com/uploads/2022/07/01131812/vay-suong-ke-caro-chiec-vay-ai-cung-nen-co-trong-tu-do.1.jpg,https://s.shopee.vn/7V80DFk6MC
79,shirt,"【Bess's house】váy bigsize nữ，chân váy dài，váy 2 dây dáng dài，váy nữ bigsize，Váy cổ polo cổ ngắn tay hở lưng nữ 2024 váy mới, váy đen nhỏ ôm eo mùa hè, dịu dàng，chân váy đen trơn，váy sang chảnh，váy tiểu thư sang chảnh，Váy Liền",Local,376600,95,4.6,17,In hình độc đáo,male,https://n7media.coolmate.me/uploads/November2022/ao-thun-Graphic-Avenger---ASSEMBLE-mat-truoc-den-1.jpg,https://s.shopee.vn/7Koa0wkjhB
80,hoodie,"sơ mi họa tiết nữ, sơ mi nữ đẹp, sơ mi đẹp công sở, sơ mi nữ đẹp sang chảnh Campt006",Local,241200,100,4.7,22,"Dày dặn, unisex",female,https://zizoou.com/cdn/shop/files/Ao-hoodie-2-White-1_Extras-ZiZoou-Store_4472x.jpg?v=1686326525,https://s.shopee.vn/7pkqbripgI
81,pants,[Sẵn sàng] Quần ống rộng Denim nữ thoáng khí chất lượng cao Quần mới Quần Skinny Đáy oose Retro Quần ống rộng Quần nữ Quần jean mùa thu,NEM,498100,65,4.6,11,"Ôm đùi, loe nhẹ",female,https://cdn.kkfashion.vn/34740-large_default/quan-tay-ong-suong-loe-nhe-mau-nau-qcs07-08.jpg,https://s.shopee.vn/7fRQPYjT1H
82,jacket,"Áo khoác thể thao nữ, Áo khoác thể dục co giãn cao, Áo khoác chạy bộ khô nhanh, Áo khoác tập Yoga mỏng, Áo khoác tập luyện cổ đứng, tập luyện, Áo đi xe đạp",Routine,242400,22,4.8,7,Chất liệu giả da cao cấp,male,https://product.hstatic.net/200000690725/product/thiet_ke_chua_co_ten__6__036a37f6aca94d57beaa829d4cc501d4.png,https://s.shopee.vn/6psJQ1mdi8
83,dress,Phụ Nữ Modal Cotton Legging Quần Plus size Quần 2024 Xuân Hè Co Giãn Quần Thường Ngày Đồng Bằng Quần Dài Quần Rời Quần,H&M,139600,45,4.6,10,"Tôn dáng, cá tính",female,https://cf.shopee.vn/file/vn-11134207-7ras8-m12nqql6j6sb49,https://s.shopee.vn/6fYtDinH37
84,shirt,【3 Colors】Áo Thun Polo Ngắn Tay In Logo Waffle Thời Trang Thoải Mái Và Hợp Xu Hướng Mới áo Phông Áo Thun Nam Thời Trang Nam áo Thun Nam Form Rộng áo. Nam áo Thun Trắng áo Thun Thể Thao áo Thun Cotton áo Phông Nam Nữ áo From Rộng áo Vintage,IVY Moda,210600,60,4.7,13,"Họa tiết tinh tế, trẻ trung",female,https://bizweb.dktcdn.net/100/409/545/products/nksm2405014-nkqu2406001-5-min.jpg?v=1727161379617,https://s.shopee.vn/7AV9odlN2E
85,pants,Váy Bánh Ren Trắng Váy Nữ Mùa Xuân Eo Cao Ôm Hơn Nhìn Nhỏ Chữ a Váy Công Chúa Pettiskirt Váy Ngắn Ren Trắng Váy Bánh Váy Nữ Mùa Xuân Eo Cao Ôm Hơn Nhìn Nhỏ Váy Chữ a Công Chúa Váy Ngắn 4 11,Levi's,148800,55,4.6,16,"Co giãn, tôn dáng",female,https://bizweb.dktcdn.net/thumb/large/100/386/478/products/b5115-5-1664358123400.jpg?v=1664358212020,https://s.shopee.vn/70BjcKm0ND
86,jacket,ÁO GIÓ NAM NỮ HAI LỚP LÓT GIÓ CAO CẤP CHỐNG NƯỚC Menswear Có Túi Jacket Cổ Cao Nhung Tay Dài Đen,Nike,438000,50,4.7,15,"Thoáng khí, năng động",female,https://product.hstatic.net/200000456065/product/a7_268ec3f93e6843e1b34af7be876d154e.png,https://s.shopee.vn/3VbrRtzKTY
87,leggings,"Quần đùi nữ kaki nữ lưng cao trơn , quần short nữ kaki cạp cao có túi đen trắng ,quần đi biển RYSO",Nike,53000,70,4.7,13,"Mềm mại, co giãn tốt",female,https://contents.mediadecathlon.com/p2730689/k$06b8b7e916c10f95049b1926826908ab/qu%E1%BA%A7n-legging-t%E1%BA%ADp-fitness-cotton-fit-cho-n%E1%BB%AF-xanh-navy-domyos-8588881.jpg?f=1920x0&format=auto,https://s.shopee.vn/3LIRFazxoX
88,shirt,Áo thun polo nam tay ngắn họa tiết sọc ngang thời trang dành cho áo polo nam form rộng áo polo nam có cổ áo croptop polo nữ áo sơ mi nam ngắn tay áo có cổ áo polo sọc,Local,48600,100,4.5,15,Logo in nổi bật,male,https://bizweb.dktcdn.net/thumb/1024x1024/100/399/392/products/6-2.png,https://s.shopee.vn/3qEhqVy3ne
89,dress,Set váy phong cách Bohemian 𝐍ấ𝐦 𝐋ù𝐧 𝐂𝐥𝐨𝐭𝐡𝐞𝐬 Áo hai dây Chân váy dài Váy vintage dáng dài Váy caro cổ điển S017,Zara,245000,25,4.8,9,"Dáng bồng, dịu dàng",female,https://lamia.com.vn/storage/so-mi/dam-cong-chua-tay-dai-45.jpg,https://s.shopee.vn/3fvHeCyh8d
90,jacket,【Bess's house】áo sơ mi kiểu+gile nữ，set sơ mi gile，áo len dệt kim，set len nữ quảng châu，áo len mongtoghi nữ，Bộ Áo Sơ Mi Dệt Kim Màu Kẹo Kèm Áo Thun polo Thời Trang Mùa Xuân Mới 2023，áo len kiểu，áo len đẹp，áo len hàn quốc,Uniqlo,302400,60,4.6,12,"Chống gió, giữ nhiệt",unisex,https://product.hstatic.net/200000690725/product/thiet_ke_chua_co_ten__4__780ea42f14d64c1888e0ec5aa2b22dde_master.png,https://s.shopee.vn/2qMAeg1rpU
91,hoodie,TIENSTYLE _ (BIGSIZE  85KG) Áo khoác bò denim dài tay phom rộng.Áo Khoác Jean Nam Nữ Unisex Oversize,Local,212000,95,4.7,18,"Nỉ dày, chất streetwear",male,http://bizweb.dktcdn.net/thumb/grande/100/287/440/products/ao-khoac-hoodie-local-brand-form-rong-nam-nu-dep-2.jpg?v=1666602058900,https://s.shopee.vn/2g2kSN2VAT
92,pants,Quần ống rộng cỡ lớn Phong cách mỏng Quần ống rộng mát mẻ Quần ống rộng thẳng Quần ống rộng dáng rộng dáng rộng trông rộng hơn Quần ống rộng thường ngày Hot Girl Lazy Loose Smudge Da báo In quần ống rộng nữ 2025 Mới,Canifa,215600,70,4.5,11,"Cổ điển, dễ phối",female,https://img.lazcdn.com/g/p/02125c229cc291fe0ae7488f9b1be681.jpg_720x720q80.jpg,https://s.shopee.vn/3Az13I0b9a
93,shirt,áo sơ mi tay dài，áo đôi nam nữ，áo đông nam，style hàn quốc，áo unisex，áo thun tay ngắn，đồ bộ nam，Cặp Đôi Phong Cách Cặp Đôi! Phong Cách Cặp Đôi! Áo Khoác Sơ Mi Caro Thời Trang Cho Nam Nữ，áo len nam，xanh，đen，trắng，xám，kaki，Xanh lá cây，áo khoác nam,Lacoste,816900,30,4.8,10,Cổ sọc tinh tế,male,https://ann.com.vn/wp-content/uploads/34-z942508433589-e2a1e5ad5caf36f76331317dad9fba05-result.png,https://s.shopee.vn/30faqz1EUZ
94,dress,"【Bess's house-bigsize】bigsize thiết kế cao cấp，váy ôm body，váy tiểu thư sang chảnh，Váy dài tay nữ cỡ lớn mùa thu mới, phong cách đại học, ngọt ngào và thanh lịch, váy thon gọn và dài，váy công chúa，váy 2 dây dáng dài，váy babydoll dáng dài，Váy Liền",H&M,510200,30,4.7,8,Phong cách boho tự do,female,https://file.hstatic.net/200000503583/file/dam-boho-vintage__5__72353e81872146678fa9276597494396.jpg,https://s.shopee.vn/4q7F2LuFlw
95,sweater,Áo hoodie nỉ 2 da áo hoodie local brand Tacat áo hoodie nữ áo hoodie nam áo khoác hoodie zip Áo Khoác Nỉ,Zara,95000,40,4.6,9,"Mềm mịn, ấm áp",female,https://ghp-garment.com/wp-content/uploads/2022/08/ao-len-det-kim-sat-nach-co-cao-2p-ao-len-nu-tron-chat-mem-min-khoac-blazer-vest-6.jpg,https://s.shopee.vn/4fnoq2ut6v
96,jacket,Đồng Hồ Nam Chính Hãng POEDAGAR 988 Dây Cao Su Đồng Hồ Dây Đeo Silicon Dây Da Đồng Hồ Đa Năng Đồng Hồ Nam Sang Trọng Đồng Hồ Thạch Anh Đồng Hồ Dạ Quang Chống Thấm Nước Chronograph Đồng Hồ Hợp Thời Trang,Levi's,565000,28,4.8,10,"Form rộng, cá tính",unisex,https://file.hstatic.net/1000392339/file/cach_mix_do_voi_ao_khoac_jean_oversize1_7b6650c0ee7d4d31b48103900e869a1a_grande.jpg,https://s.shopee.vn/5Ak5Qxsz62
97,pants,Đồng hồ cặp đôi Chính hãng POEDAGAR Đồng hồ kim loại nam Đồng hồ nữ Dây đeo kim loại Đồng hồ nam Dây đeo bằng thép không gỉ Lịch đồng hồ Đồng hồ phát sáng chống nước Đồng hồ công sở Quà tặng ngày lễ tình nhân Đồng hồ đôi POEDAGAR,NEM,413600,50,4.5,9,"Thoáng, thanh lịch",female,https://cf.shopee.vn/file/vn-11134207-7r98o-llk04ussriko3c,https://s.shopee.vn/50QfEetcR1
98,shirt,"Ví nam, Ví da, Ví Da Nam, Ví Nam Ngang, Ví Da Cá Sấu, Ví nam Da Thật thương Hiệu Ví Da LEGOHO – CS01",IVY Moda,845000,70,4.6,13,"Caro cổ điển, năng động",male,https://cdn0199.cdn4s.com/media/sm178%202.jpg,https://s.shopee.vn/4ArYF7wn7s
99,dress,"[Free Ship Toàn Quốc] Ví nữ ngắn siêu đẹp, Ví nữ siêu rẻ, Ví nữ mini, Ví đựng tiền, Ví nữ thời trang - Bóp nữ giá rẻ đẹp",Zara,93000,30,4.7,11,"Tôn dáng, thanh lịch",female,https://www.thoitrangtichtac.com/productimg/20000/19924/137_Dam_om_body_tay_dai_don_gian_b9924.jpg,https://s.shopee.vn/40Y82oxQSr
100,jacket,túi xách công sở nữ Túi xách nữ túi chống sốc laptop 15.6 inch  túi chống sốc macbook túi xách nữ công sở công sở nữ túi đựng máy tính cặp đi học nữ Phiên Bản Hàn Quốc Túi Laptop Túi Máy Tính Phong Cách Preppy Túi Đeo Vai Nữ Sinh Viên Đại Học Di Động Túi,Routine,277300,55,4.6,10,"Khóa kéo, dễ mặc",male,https://product.hstatic.net/200000370449/product/hdr_trang_truoc__f3ef876cb89c47ebb1397d387140e2be_master.jpg,https://s.shopee.vn/4VUOdjvWRy
101,watch,Đồng Hồ Nam Dây Da,Casio,1299000,40,4.7,22,"Chống nước, mặt tròn cổ điển",male,https://gagay.vn/cdn/shop/files/dong-ho-nam-chinh-hang-poedagar-615-day-da-cao-cap_2.jpg?v=1718764027,
102,watch,Đồng Hồ Nữ Dây Kim Loại,Daniel Wellington,1899000,30,4.8,18,"Sang trọng, tinh tế",female,https://shopdonghodoc.com/Content/Images/images/150/dong-ho-nu-day-kim-loai-luoi-khoa-nam-cham-mat-tron-trang-sang-trong-prance-2.jpg,
103,wallet,Ví Da Nam Gập Đôi,Routine,399000,50,4.6,12,"Da thật, nhỏ gọn",male,https://blackbullshoes.vn/wp-content/uploads/2022/09/vi-da-nam-dang-dung-gap-doi-VD1-31-3.jpg,
104,wallet,Ví Nữ Mini,NEM,299000,60,4.7,10,"Dễ thương, tiện dụng",female,https://fadoda.vn/wp-content/uploads/2023/03/vi-nu-cam-tay-mini-FADODA-FVN02D-7.jpg,
105,bag,Túi Xách Nữ Công Sở,Charles & Keith,899000,35,4.8,9,"Thời trang, tiện lợi",female,https://bizweb.dktcdn.net/100/360/581/products/tui-xach-nu-cong-so-gence-da-bo-mill-tx17-brownrose-0.jpg?v=1708138444920,
106,bag,Ba Lô Nam Thể Thao,Nike,499000,45,4.6,14,"Chống nước, nhiều ngăn",male,https://bizweb.dktcdn.net/100/343/358/files/balo-the-thao-982-trang-2.jpg?v=1715066399330,
107,shoes,Giày Sneaker Nam,Adidas,1299000,50,4.7,20,"Đế cao su, thoáng khí",male,https://www.pedroshoes.com/dw/image/v2/BCWJ_PRD/on/demandware.static/-/Sites-pd_vn-products/default/dw06e0f48e/images/hi-res/2024-L7-PM1-76210257-10-1.jpg?sw=1152&sh=1536,
108,shoes,Giày Cao Gót Nữ,Zara,699000,35,4.8,11,"Thiết kế tinh tế, êm chân",female,https://img.mwc.com.vn/giay-thoi-trang?w=480&h=510&FileInput=/Resources/Product/2024/10/17/z5938111471855_ec38a52ef52232f7bed7f3c56b321a83.jpg,
109,hat,Mũ Lưỡi Trai Nam,Canifa,159000,80,4.6,13,"Chống nắng, phong cách",male,https://file.hstatic.net/1000312752/file/d0aed713bf5753905c96c3c5805aa4ca3b5f5b852d180461d6bca6b38624078f777ed3_grande.jpg,
110,hat,Mũ Beret Nữ,H&M,199000,60,4.7,8,Phong cách cổ điển,female,https://zerdio.com.vn/wp-content/uploads/2023/07/non-beret-nu-han-quoc-MNN021.jpg,
111,accessory,Dây Chuyền Bạc Nữ,PNJ,499000,40,4.8,10,"Bạc cao cấp, sang trọng",female,https://tnj.vn/35602-large_default/day-chuyen-bac-nu-soi-nho-dcn0537.jpg,
112,accessory,Vòng Tay Da Nam,Routine,249000,55,4.6,9,Phong cách cá tính,male,https://bizweb.dktcdn.net/thumb/1024x1024/100/465/509/products/vdb106.png?v=1664425109727,
113,belt,Thắt Lưng Nam Da Thật,Levi's,399000,45,4.7,11,"Bền đẹp, khóa kim loại",male,https://product.hstatic.net/200000366789/product/dsc00720_15a73c2ebd0746b4af7cdbd60f2f8320.png,
114,belt,Thắt Lưng Nữ Mảnh,NEM,259000,60,4.6,10,"Tôn dáng, phối đồ dễ",female,https://www.vascara.com/uploads/cms_productmedia/2024/November/28/that-lung-day-manh-nhan-khoa-gai---wai-0039---mau-kem__78792__1732785982.jpg,
115,scarf,Khăn Choàng Len Nữ,Uniqlo,299000,70,4.8,13,"Giữ ấm, mềm mại",female,https://zerdio.com.vn/wp-content/uploads/2023/10/Khan-Choang-Quang-Co-Nu-Len-Cashmere-Cao-Cap-KN015-2.jpg,
116,scarf,Khăn Lụa Họa Tiết,IVY Moda,349000,50,4.7,12,Họa tiết sang trọng,female,https://img.lazcdn.com/g/p/44eb76cd31b9e258d5b486519209d9d2.jpg_720x720q80.jpg,
117,socks,Vớ Nam Cổ Ngắn,Canifa,69000,120,4.5,17,"Thoáng khí, thấm hút",male,https://baohotoandien.com/image/cache/catalog/product/tat-vo/vo-co-ngan-xam-(1)-480x480.jpg,
118,socks,Vớ Nữ Cổ Cao,H&M,89000,100,4.6,15,"Giữ ấm, co giãn",female,https://img.lazcdn.com/g/p/8cb5e1012c470c8a231f967391ab33e5.jpg_720x720q80.jpg,
119,glasses,Kính Mát Nam,Ray-Ban,1299000,25,4.8,10,"Chống UV, thời trang",male,https://thegioidochoioto.vn/upload/images/sanpham/san-pham-khac/kinh-mat-nam-den-ngau-phan-kieu-dang-thoi-trang-mau-32/kinh-mat-nam-den-ngau-phan-kieu-dang-thoi-trang-mau-32-1.jpg,
120,glasses,Kính Mát Nữ,Gucci,1999000,20,4.9,8,"Sang trọng, chống nắng",female,https://bizweb.dktcdn.net/100/527/490/products/kinh-mat-nu-tt-cao-cap-elly-ek137-15-1.jpg?v=1748511125800,
121,watch,Đồng Hồ Thông Minh,Apple,7990000,30,4.9,20,"Theo dõi sức khỏe, GPS",unisex,https://mi360.vn/wp-content/uploads/2023/06/dong-ho-thong-minh-mibro-t1.jpg,
122,bag,Túi Tote Nữ,Local,259000,70,4.6,14,"Dung tích lớn, phong cách trẻ",female,https://www.vascara.com/uploads/cms_productmedia/2024/January/31/tui-tote-deo-vai-phoi-da-tuong-phan---tot-0153---mau-kem__74144__1706681487-medium@2x.jpg,
123,bag,Cặp Laptop Nam,Samsonite,999000,40,4.7,12,"Chống sốc, sang trọng",male,https://product.hstatic.net/1000347349/product/cap-nam-scorpion-26x.119_569940c38d22430c97ad5597f6855308.jpg,
124,wallet,Ví Da Cầm Tay Nữ,H&M,349000,50,4.6,9,"Thời trang, nhỏ gọn",female,https://product.hstatic.net/1000084161/product/vi-cam-tay-nu-hinh-chu-nhat-phoi-nap-gap-lata-vn67-mau-bo-dam__7__06bb90d5d3354ebba3f5821898e4b6a2_master.jpg,
125,shoes,Giày Thể Thao Nữ,Nike,1199000,45,4.8,18,"Êm chân, nhẹ",female,https://pos.nvncdn.com/205d8e-20707/ps/20241029_ceq6WIXM3q.jpeg?v=1730206771,
126,hat,Mũ Bucket,Local,189000,75,4.6,13,Phong cách đường phố,unisex,https://product.hstatic.net/200000642007/product/50nyd_3ahtd014n_8_b58f1628b75b43e188aaca72da47a3f9_afcd715315ba4dee809553fd84e2ff71_master.jpg,
127,accessory,Nhẫn Bạc Đôi,PNJ,599000,30,4.8,10,"Thiết kế tinh tế, ý nghĩa",unisex,https://lili.vn/wp-content/uploads/2022/07/Nhan-doi-bac-dinh-da-CZ-All-Of-Love-LILI_614281_4-400x400.jpg,
128,belt,Thắt Lưng Nam Khóa Tự Động,Routine,449000,40,4.7,8,"Da mềm, tiện dụng",male,https://timan.vn/upload/products/122023/that-lung-nam-khoa-tu-dong-zctl51-thoi-trang.jpg,
129,scarf,Khăn Lụa Vuông,Zara,279000,45,4.6,10,"Mềm mịn, tinh tế",female,https://bizweb.dktcdn.net/thumb/large/100/440/955/products/769f81b8-029f-4443-8497-31d19049419e.jpg?v=1705580855727,
130,glasses,Kính Cận Gọng Tròn,Gentle Monster,2990000,15,4.9,6,"Nhẹ, thời thượng",unisex,https://vuakinh.com/wp-content/uploads/2020/04/kinh-gong-tron-nu-4.jpg,
131,bag,Túi Đeo Chéo Nam,Routine,399000,50,4.6,11,"Gọn nhẹ, tiện dụng",male,https://gubag.vn/wp-content/uploads/2024/02/tui-deo-cheo-bao-tu-nam-gb-tc17-1.jpg,
132,bag,Túi Đeo Vai Nữ,NEM,459000,40,4.7,9,"Thanh lịch, phối đồ dễ",female,https://www.gento.vn/wp-content/uploads/2023/05/tui-xach-nu-da-bo-7-2-600x600.jpg,
133,watch,Đồng Hồ Cặp Đôi,Citizen,2599000,20,4.8,7,"Thiết kế đôi, tinh tế",unisex,https://donghohungthinh.com/wp-content/uploads/2023/05/cua-hang-dong-ho-cap-doi-dep-chinh-hang-tai-tphcm-2.jpg,
134,accessory,Khuyên Tai Nữ Tròn,PNJ,399000,50,4.7,8,"Nhỏ nhắn, thanh lịch",female,https://lili.vn/wp-content/uploads/2021/08/Bong-tai-bac-tron-Aurora-LILI_268268_1.jpg,
135,shoes,Giày Da Nam Công Sở,Routine,899000,35,4.7,9,"Bóng đẹp, lịch sự",male,https://cdn.shopify.com/s/files/1/1404/4249/files/23112018-giay-tay-nam-dong-hai-G0703d_grande.JPG?v=1542961434,
136,shoes,Giày Sandal Nữ,H&M,299000,55,4.6,11,"Thoải mái, nữ tính",female,https://img.mwc.com.vn/giay-thoi-trang?w=1150&h=0&FileInput=/Resources/Product/2024/05/23/z5467959695737_a14277ea6e6033d90b2a805bc8996354.jpg,
137,hat,Mũ Len Giữ Ấm,Uniqlo,159000,65,4.7,10,"Chống lạnh, co giãn",unisex,https://product.hstatic.net/200000427585/product/mu_len_nam_chinh_hang_lining__3__4a87c52a4224485c997b6f13260298e2.jpg,
138,socks,Vớ Thể Thao Nam,Nike,99000,90,4.7,13,"Chống trượt, thoáng khí",male,https://product.hstatic.net/200000691305/product/2_6262b7a93ad741c6bf42f9afcbd32d38_master.png,
139,bag,Ba Lô Du Lịch,The North Face,899000,30,4.8,12,"Dung tích lớn, bền",unisex,https://bizweb.dktcdn.net/thumb/large/100/044/266/products/balo-nam-cuc-chat-sieu-ben-chac-thiet-ke-tien-ich-fix-laptop-15-6-inch-rokin-velocity-18.jpg?v=1722913592107,
140,wallet,Ví Mini Unisex,Local,199000,70,4.6,10,"Nhỏ gọn, tiện lợi",unisex,https://bizweb.dktcdn.net/thumb/grande/100/346/025/products/minisimple-tim-hong-resize-6c1007c6-4722-49f7-8468-a223dce9e138.jpg?v=1618066424913,
141,watch,Đồng Hồ Cơ Nam,Orient,3299000,20,4.8,6,"Lộ máy, sang trọng",male,https://bizweb.dktcdn.net/100/472/501/products/no-9010-1-bfc496cd-7216-4c3f-8250-a279971a39fb-6ecbc26b-8efe-46ae-a918-6db060304cca-f5960abb-b5aa-4fa7-9ad6-3f66ea739ed6.jpg?v=1677400947890,
142,glasses,Kính Mát Thời Trang,Prada,2499000,15,4.9,7,"Cao cấp, phong cách",female,https://matkinhlb.com.vn/wp-content/uploads/2022/09/kinh-mat-nu-8_09f5336328494b7cba57f975ef6df2b4_master-1.jpg,
143,belt,Thắt Lưng Nữ Da Bò,Zara,359000,45,4.6,9,"Bền, tinh tế",female,https://www.velisa.vn/wp-content/uploads/2021/03/p-k-4026-1200x1200.jpg,
144,accessory,Vòng Cổ Choker,Local,159000,60,4.5,12,Phong cách cá tính,female,https://down-vn.img.susercontent.com/file/9985cb6ff17d9ba3b3c97657b84abfbf,
145,bag,Túi Đeo Hông Nam,Nike,299000,65,4.6,10,"Nhỏ gọn, tiện lợi",male,http://product.hstatic.net/1000260559/product/tui_deo_hong_da_nam__1__ee75ac11dc3a45d4bcd8ca98f0f15d19_grande.jpg,
146,scarf,Khăn Len Nam,Routine,299000,55,4.7,8,"Giữ ấm, phối vest đẹp",male,https://mcdn.coolmate.me/uploads/April2022/Top_6_cua_hang_ban_khan_quang_co_nam_cuc_chat_luong_tai_TP._HCM_(3).jpg,
147,hat,Mũ Snapback,Local,189000,70,4.6,11,"Trẻ trung, cá tính",unisex,http://www.donnermerch.com/cdn/shop/files/Snapback1_724ffba3-1f2a-4943-8cd3-cab2c3006189.webp?v=1715185785,
148,shoes,Giày Lười Nam,Canifa,599000,40,4.6,10,"Thoải mái, dễ mang",male,https://shopdonghai.com/cdn/shop/files/giay-luoi-dong-hai-G0347-nau-7_2048x.jpg?v=1741342053,
149,bag,Túi Đeo Chéo Canvas,Local,259000,60,4.7,9,"Chất vải dày, trẻ trung",unisex,https://file.hstatic.net/1000238555/file/md_2022_06_28_09_47_23_0700_azwyaixrqf_5c9cafadeae24e0d83c823e750d027ec_grande.jpg,
150,accessory,Dây Buộc Tóc Nữ,H&M,69000,100,4.5,14,"Mềm mại, dễ thương",female,https://chonongsanonline.com/public/uploads/all/zELERtp04XlKyW7bhzlkypjMNocYNaj6dcYixZTd.png,
151,watch,Đồng Hồ Thông Minh Chống Nước,Xiaomi,2299000,45,4.7,18,"Theo dõi sức khỏe, chống nước IP68",unisex,https://donghothongminhama.com/assets/san-pham/2023_08/q16s-copy.jpg,
152,watch,Đồng Hồ Nam Dây Kim Loại,Seiko,3199000,30,4.8,14,"Mặt tròn sang trọng, dây thép không gỉ",male,https://bizweb.dktcdn.net/100/472/501/collections/788g1-13-840db401-296c-4c48-b2e1-d0134917131c.jpg?v=1710154614877,
153,watch,Đồng Hồ Nữ Mặt Vuông,Citizen,2699000,25,4.8,11,"Phong cách vintage, tinh tế",female,https://gagay.vn/cdn/shop/files/dong-ho-nu-gedi-day-da-mat-vuong-thoi-trang-vintage-dong-ho-deo-tay-cuong-luc-chong-xuoc-bao-hanh-12-thang_2.jpg?v=1719478833,
154,bag,Túi Đeo Vai Da Nam,Routine,499000,50,4.6,10,"Da tổng hợp, sang trọng",male,https://vuadasaigon.com/images/detailed/3/tui_deo_vai_db123_4.jpg,
155,bag,Túi Đeo Vai Nhỏ Nữ,Charles & Keith,699000,35,4.8,9,"Thiết kế tinh tế, hợp thời trang",female,https://product.hstatic.net/200000060646/product/tui-xach-da-nu-nho-deo-vai-yuumy-seasand-yn165-nhieu-chi-tiet__1__15b4951015da447493101384ad4ddac4_master.jpg,
156,bag,Ba Lô Laptop Chống Nước,Samsonite,1099000,40,4.8,12,"Ngăn đựng laptop, chống nước tốt",unisex,https://zongvietnam.com/wp-content/uploads/2023/10/balo-laptop-du-lich-phuot-chong-tham-nuoc-tangcool-705-14-156-inch.jpg,
157,wallet,Ví Dài Da Bò,Levi's,499000,60,4.7,8,"Da thật, sang trọng",male,https://www.gento.vn/wp-content/uploads/2021/09/vi-dai-nam-bo-sap-gento-v077.jpg,
158,wallet,Ví Nữ Dây Kéo,NEM,299000,70,4.6,9,"Nhỏ gọn, tiện dụng",female,https://minigo.vn/upload/product/vvk20-3-5926.jpg,
159,shoes,Giày Sneaker Trắng,Adidas,1199000,80,4.8,16,"Phù hợp mọi outfit, đế êm",unisex,https://product.hstatic.net/1000271846/product/white-01_246db1b5e61e4c6eb6cbb683b3de9e0f.png,
160,shoes,Giày Tây Da Bóng,Routine,899000,30,4.7,7,Dành cho dân công sở,male,https://4men.com.vn/thumbs/2016/08/giay-tay-da-den-bong-g97-4297-p.jpg,
161,shoes,Giày Búp Bê Nữ,H&M,299000,55,4.6,11,"Êm chân, dễ phối đồ",female,https://product.hstatic.net/200000726949/product/aliette_black_001-001-043_spotlight_sq_nt_1200x1200_6057a8420cda4869bb6d16d6d2d80570_master.jpg,
162,hat,Mũ Lưỡi Trai Classic,Nike,199000,90,4.6,12,"Logo in nổi bật, thoáng khí",unisex,https://www.chapi.vn/img/product/2022/5/15/mu-luoi-trai-theu-classic-25-new.jpg,
163,hat,Mũ Len Phối Lông,Uniqlo,259000,65,4.7,9,"Giữ ấm, co giãn tốt",female,https://pos.nvncdn.com/cba2a3-7534/ps/20231027_UZSsFFYutG.jpeg?v=1698411934,
164,accessory,Dây Chuyền Vàng 18K,PNJ,5490000,15,4.9,6,"Vàng 18K cao cấp, sang trọng",female,https://cdn.pnj.io/images/detailed/241/sp-gd0000y000888-day-chuyen-vang-18k-pnj.png.png,
165,accessory,Nhẫn Nam Bạc Đúc,PNJ,399000,30,4.8,7,"Đơn giản, mạnh mẽ",male,https://tnj.vn/44762-large_default/nhan-bac-nam-tphcm-nna0303.jpg,
166,accessory,Khuyên Tai Đính Đá,PNJ,459000,40,4.8,10,"Lấp lánh, tinh tế",female,https://lili.vn/wp-content/uploads/2021/05/Bong-tai-bac-nu-nam-dinh-da-CZ-phong-cach-LILI_488357_15.jpg,
167,belt,Thắt Lưng Nam Dây Canvas,Local,259000,60,4.6,11,"Thể thao, trẻ trung",male,https://azico.vn/uploads/images/that-lung-vai/that-lung-vai-H008-1.JPG,
168,belt,Thắt Lưng Da Mảnh,Zara,349000,55,4.7,10,Phối đồ thanh lịch,female,https://cdn.dafc.com.vn/catalog/product/dafc/1199007_000.jpg,
169,scarf,Khăn Choàng Cashmere,H&M,459000,50,4.8,12,"Cực mềm, giữ ấm tốt",unisex,https://img.lazcdn.com/g/p/ee56a4f4e08f5f265a2d2b0b4a53da1d.jpg_720x720q80.jpg_.webp,
170,scarf,Khăn Lụa Trơn,IVY Moda,319000,40,4.6,9,Phong cách thanh lịch,female,https://bizweb.dktcdn.net/100/290/060/products/ktd-88195-wht-01.jpg?v=1723366412610,
171,socks,Vớ Nam Cotton,Canifa,79000,110,4.5,13,"Thoáng khí, co giãn",male,https://product.hstatic.net/1000261403/product/rs020-t_1fe6474180214c24960923ef8beb1573_1024x1024.jpg,
172,socks,Vớ Nữ Cổ Ngắn,H&M,69000,100,4.5,12,"Mềm mại, dễ giặt",female,https://product.hstatic.net/1000011840/product/tat-nu-co-thap-ta18_9e04058b85f8495b94ace89d5eeda90c.jpg,
173,glasses,Kính Cận Gọng Vuông,Gentle Monster,2890000,20,4.9,7,"Thời trang, nhẹ",unisex,https://kinhmateyeplus.com/wp-content/uploads/2024/11/DSCF9435-e1575514196732.jpg,
174,glasses,Kính Mát Gọng Tròn,Ray-Ban,1599000,25,4.8,8,"Chống UV, hợp khuôn mặt tròn",unisex,https://cdn.dafc.com.vn/catalog/product/dafc/1188425_000.jpg,
175,perfume,Nước Hoa Nam Classic,Dior,3299000,30,4.9,9,Hương gỗ trầm nam tính,male,https://cf.shopee.vn/file/4292033631b0681ff79c8bc3a18f6e0e,
176,perfume,Nước Hoa Nữ Bloom,Gucci,3599000,25,4.9,10,"Hương hoa nhẹ nhàng, quyến rũ",female,https://cdn.vuahanghieu.com/unsafe/0x900/left/top/smart/filters:quality(90)/https://admin.vuahanghieu.com/upload/product/2022/09/nuoc-hoa-nu-gucci-bloom-edp-for-women-100ml-6328347d4f066-19092022162101.jpg,
177,perfume,Nước Hoa Unisex Citrus,CK,2899000,20,4.7,6,"Hương chanh tươi mát, trung tính",unisex,https://product.hstatic.net/200000862539/product/nhcn2__3__02aef296101b437c84faec6cf7712fa0_master.png,
178,bag,Túi Du Lịch Cỡ Lớn,The North Face,999000,35,4.8,11,"Đựng nhiều đồ, bền chắc",unisex,https://mailinhmart.com/wp-content/uploads/2024/06/tui-xach-du-lich-co-lon-2.jpg,
179,bag,Túi Cầm Tay Nam Da Thật,Routine,699000,30,4.7,8,"Chất da bóng, sang trọng",male,https://fttleather.com/uploads/1026/product/2024-05-11/vuong-copy-2clutch24-2835.webp,
180,bag,Túi Clutch Dự Tiệc,Zara,599000,40,4.8,10,Phù hợp tiệc đêm,female,https://filebroker-cdn.lazada.vn/kf/S7afc3a1333544a7189be89ffdd16d948r.jpg,
181,wallet,Ví Nam Đựng Card,Local,249000,70,4.6,9,"Nhỏ gọn, tiện lợi",male,https://lano.vn/wp-content/uploads/2022/06/vi-da-nam-mini-dung-the-card-holder-nho-gon-tien-loi-lano-vdntk05-3.jpg,
182,wallet,Ví Mini Dây Đeo,NEM,279000,55,4.7,8,Phong cách dễ thương,female,https://cdn.dafc.com.vn/catalog/product/dafc/1183619_000_66cbea1d731fb.jpg,
183,watch,Đồng Hồ Thể Thao,G-Shock,2599000,50,4.8,15,"Chống sốc, chịu nước 200m",male,https://www.homepaylater.vn/static/abcef6990b99c534678e5bff4d3296f1/9d72c/1_dong_ho_the_thao_nam_duoc_thiet_ke_voi_nhieu_tinh_nang_ich_cho_suc_khoe_67fcfe2df3.jpg,
184,watch,Đồng Hồ Nữ Dây Vải,DW,1899000,40,4.8,12,"Tinh tế, nhẹ nhàng",female,https://benhviendongho.com/wp-content/uploads/2020/05/dong-ho-day-vai-nu-02.jpg,
185,accessory,Lắc Tay Đôi,Local,199000,60,4.6,10,Biểu tượng tình yêu,unisex,https://bizweb.dktcdn.net/100/319/480/products/dsc-5271.jpg?v=1687924312247,
186,accessory,Dây Buộc Tóc Scrunchie,H&M,69000,90,4.5,13,"Co giãn, dễ thương",female,https://product.hstatic.net/200000547645/product/2_547470a7f8e248d2b70c4b4c449a0ee9.png,
187,shoes,Giày Lười Da Lộn,Routine,649000,40,4.7,9,"Êm chân, thoáng khí",male,https://pos.nvncdn.com/f4d87e-8901/ps/20221221_BLkvKTY0y2mP4nN8x9xaOFrt.jpg,
188,shoes,Giày Cao Gót Mũi Nhọn,Zara,799000,30,4.8,10,"Tôn dáng, thanh lịch",female,https://www.charleskeith.vn/dw/image/v2/BCWJ_PRD/on/demandware.static/-/Sites-vn-products/default/dwb8a4ba39/images/hi-res/2024-L6-CK1-60280444-J6-2.jpg?sw=756&sh=1008,
189,hat,Mũ Rộng Vành Nữ,IVY Moda,299000,45,4.7,9,"Chống nắng, quý phái",female,https://m.yodycdn.com/blog/mu-rong-vanh-yodyvn.jpg,
190,hat,Mũ Snapback Nam,Local,189000,70,4.6,10,Phong cách streetwear,male,https://zerdio.com.vn/wp-content/uploads/2021/04/mu-snapback-nam-sn36-1.jpg,
191,bag,Ba Lô Thời Trang Nữ,Local,329000,60,4.6,11,"Nhẹ, tiện lợi",female,https://mediaelly.sgp1.digitaloceanspaces.com/uploads/2023/08/16093905/balo-nu-thoi-trang-elly-ebh5220.jpg,
192,bag,Cặp Công Sở Nam,Samsonite,1099000,35,4.8,10,"Chống sốc, cao cấp",male,https://genceleather.com/wp-content/uploads/2023/05/cap-da-nam-cao-cap-khoa-so-cgl07-xanh-3.jpg,
193,glasses,Kính Mát Oversize Nữ,Prada,2599000,20,4.9,7,Cực thời trang,female,https://cdn.vuahanghieu.com/unsafe/0x900/left/top/smart/filters:quality(90)/https://admin.vuahanghieu.com/upload/product/2025/07/kinh-mat-nu-gucci-oversize-rectangular-sunglasses-541362-j0740-1011-mau-den-xam-6879f43fa08e3-18072025141407.jpg,
194,glasses,Kính Cận Gọng Kim Loại,Gentle Monster,3190000,15,4.9,6,"Cao cấp, nhẹ",unisex,https://kavi.vn/upload/image/37182af262ff93a1caee.jpg,
195,perfume,Nước Hoa Nam Fresh,Chanel,3699000,20,4.9,8,"Tươi mát, sang trọng",male,https://xomthom.vn/wp-content/uploads/2024/01/top-nuoc-hoa-mua-he-cho-nam.jpg,
196,perfume,Nước Hoa Nữ Sweet,YSL,3599000,25,4.9,9,"Ngọt ngào, quyến rũ",female,https://product.hstatic.net/200000561331/product/219a820824c24aba9df572d9e0539735_90261888c47b4096826793c5d7a0cc38_master.png,
197,belt,Thắt Lưng Nam Trơn,Levi's,399000,45,4.7,9,Chất liệu da thật,male,https://product.hstatic.net/200000201725/product/z6097418908808_3c17a93865d34eb759b875cdf3264c38_6508d990327740bd8cbe5d7b39c27740_master.jpg,
198,belt,Thắt Lưng Nữ Đính Đá,NEM,299000,40,4.6,8,Phong cách sang trọng,female,https://img.lazcdn.com/g/ff/kf/S2097466c022047b388d5dec092d28953p.jpg_720x720q80.jpg,
199,bag,Túi Tote Vải Canvas,Local,249000,80,4.6,12,"Thời trang, thân thiện môi trường",unisex,https://yvesrocher.vn/media/catalog/product/cache/a7cc7342a2f92a295dcb391475ae6446/t/o/tote-th_ng.jpg,
200,bag,Túi Xách Tay Cao Cấp,Charles & Keith,999000,25,4.9,10,Phong cách quý phái,female,https://jmi.vn/wp-content/uploads/2023/06/JM7035.0000.jpg,
201,accessory,Dây Chuyền Nam Da Đen,Routine,259000,55,4.6,9,"Cá tính, mạnh mẽ",male,https://trangsucvn.com/images/201705/goods_img/16066_P_1495595095764.jpg,
202,accessory,Khuyên Tai Bạc Nhỏ,PNJ,299000,50,4.7,8,Dễ phối đồ,female,https://bacminhcanh.com/wp-content/uploads/2016/12/bong-tai-nu-bac-dang-tron-bt082-269.jpg,
203,accessory,Vòng Tay Thép Không Gỉ,Local,229000,60,4.6,9,"Hiện đại, tinh tế",unisex,http://inoxcongsang.com/wp-content/uploads/2022/11/TV145c-vong-tay-titan-thoi-trang-cartier-bang-4mm.jpg,
204,scarf,Khăn Choàng Lụa In Logo,Gucci,4990000,20,4.9,7,"Cao cấp, tinh xảo",female,https://image.made-in-china.com/202f0j00VHKUEJsGsQqt/Printed-Silk-Scarves-with-Logo.webp,
205,scarf,Khăn Choàng Len Dày,Routine,299000,55,4.7,8,Phù hợp mùa đông,male,https://down-vn.img.susercontent.com/file/sg-11134201-22120-fffqu4w77xkvab,
206,socks,Vớ Cổ Cao Logo,Nike,99000,100,4.6,11,Đôi vớ thể thao chuẩn trend,unisex,https://xuongmaydosi.com/wp-content/uploads/2022/07/vo-co-cao-cotton-logo-on-off-duoc-may-theo-yeu-cau-4.webp,
207,socks,Vớ Nữ Pastel,H&M,89000,90,4.6,10,"Màu nhẹ, dễ thương",female,https://product.hstatic.net/1000111569/product/set_vo_tat_nu_dep__138__4bff4ab62af14f48b2e2bcc9c1ece5c7.jpg,
208,glasses,Kính Râm Phi Công,Ray-Ban,1799000,25,4.8,9,"Chống nắng tốt, cổ điển",male,https://kinhmateyeplus.com/wp-content/uploads/2024/11/Brightness_Contrast-5-copy-3-1.png,
209,hat,Mũ Lông Mùa Đông,Uniqlo,279000,50,4.7,7,"Cực ấm, dễ thương",female,https://img.lazcdn.com/g/p/2885d0fba7a1223651c9e283bee6aab9.jpg_720x720q80.jpg,
210,bag,Túi Đeo Ngực Nam,Nike,299000,65,4.7,9,"Thời trang, tiện lợi",male,https://bizweb.dktcdn.net/100/360/581/products/tui-deo-cheo-nguc-nam-da-bo-mill-tz01-5.jpg?v=1734076997990,
211,watch,Đồng Hồ SmartFit Gen2,Samsung,6990000,25,4.8,12,"Theo dõi sức khỏe, GPS",unisex,https://hifuture.vn/wp-content/uploads/2024/07/455134149_527162216314881_3881229984654452641_n.jpg,
212,wallet,Ví Nam Cầm Tay Da Sần,Routine,449000,45,4.7,10,"Da sần, sang trọng",male,https://bevisstore.com/wp-content/uploads/2023/01/san-pham-1.png,
213,wallet,Ví Nữ Dài Dây Kéo,Zara,359000,55,4.6,9,"Thời trang, đựng được điện thoại",female,https://img.alicdn.com/bao/uploaded/i4/2253402807/TB29xX3oS8mpuFjSZFMXXaxpVXa_!!2253402807.jpg_400x400.jpg_.webp,
214,bag,Túi Đeo Vai Thời Trang,Local,269000,70,4.6,10,Dễ phối outfit,unisex,https://product.hstatic.net/1000084161/product/tui-da-nu-deo-vai-basic-lata-hn108-mau-den__8__0dc423e782b44c22b0b596dfbbe822b9_master.jpg,
215,accessory,Vòng Cổ Chữ Cái,PNJ,399000,40,4.8,9,"Cá nhân hóa, tinh tế",female,https://tnj.vn/img/cms/day-chuyen-nam-bac/DCA0076/day-chuyen-bac-nam-mat-chu-cai-theo-yeu-cau-DCA0076A-11.jpg,
216,shoes,Giày Sneaker Classic,Vans,999000,60,4.7,13,"Form retro, phong cách",unisex,"https://images.puma.com/image/upload/f_auto,q_auto,b_rgb:fafafa,w_2000,h_2000/global/399028/10/sv01/fnd/PNA/fmt/png/Easy-Rider-Vintage-Sneakers",
217,shoes,Giày Boot Da Nữ,Zara,899000,40,4.8,9,"Chống nước, thời trang",female,https://giaybootnu.com/kcfinder/upload//images/GCC-106/giay-boot-nu-co-cao-ngang-dui-got-nhon-cao-10cm-thanh-dang-mau-den-trang-14.jpg,
218,shoes,Giày Thể Thao Nam Chạy Bộ,Nike,1399000,50,4.8,11,"Đệm êm, nhẹ",male,http://product.hstatic.net/1000355922/product/89de5baa90974f3693956716ed749482_f4ee0760916340499beaff8c736f67fe_grande.jpg,
219,bag,Ba Lô Dành Cho Học Sinh,Local,299000,75,4.6,9,"Bền, đựng laptop 14 inch",unisex,https://cdn.kosshop.vn/wp-content/uploads/2021/02/6944307762891-balo-hoc-sinh-cap-1.jpg,
220,accessory,Dây Đeo Đồng Hồ Da,Casio,199000,80,4.5,8,"Thay nhanh, mềm",unisex,https://timemart.vn/upload/upload/images/bai-viet/day-da-tron-mau-den-chi-trang.jpg,
221,glasses,Kính Mát Gọng Dày,Prada,2599000,18,4.9,6,"Cá tính, cao cấp",female,https://kavi.vn/upload/image/anh-bai-viet/093183414ebd059e5490594cd513fdb9(1).jpg,
222,hat,Mũ Fedora Nam,Local,299000,40,4.7,7,Phong cách quý ông,male,https://bizweb.dktcdn.net/100/385/737/products/mu-fedora-nam-hieu-american-hat-makers-ahm01-2.jpg?v=1715916198610,
223,perfume,Nước Hoa Hương Gỗ,Burberry,3399000,20,4.8,7,"Mạnh mẽ, hiện đại",male,https://tiki.vn/blog/wp-content/uploads/2023/10/nuoc-hoa-mui-go-thumb.jpg,
224,perfume,Nước Hoa Nữ Floral,Chanel,3899000,25,4.9,9,Hương hoa thanh lịch,female,https://cdn.vuahanghieu.com/unsafe/0x900/left/top/smart/filters:quality(90)/https://admin.vuahanghieu.com/upload/product/2022/10/nuoc-hoa-nu-coach-floral-blush-eau-de-parfum-90ml-633e7398b614c-06102022132008.jpg,
225,wallet,Ví Unisex Dạng Zip,Local,229000,70,4.6,8,Dành cho cả nam và nữ,unisex,https://lavatino.com/wp-content/uploads/2021/07/Vi-zip-mini-lisa-chinh-hang-lavatino-b30-21-595x595.jpg,
226,belt,Thắt Lưng Thời Trang Nam,Routine,399000,45,4.7,9,Khóa kim loại sáng bóng,male,https://product.hstatic.net/1000084161/product/nam-da-that-lata-tl325-mau-den-v7__4__acf081df9c6245e0b78cb59420af726d_b0b82aa1acda4ddfb279b4a36f52aee0_master.jpg,
227,belt,Thắt Lưng Nữ Vintage,H&M,299000,50,4.6,8,Phong cách cổ điển,female,https://vn-test-11.slatic.net/p/a85f56bad8953996fdac2572193beb48.jpg,
228,scarf,Khăn Lụa Dài,Zara,299000,40,4.7,7,"Dễ phối đồ, sang trọng",female,https://bizweb.dktcdn.net/100/391/227/products/doan-ket-dai-5.jpg?v=1734587160787,
229,socks,Vớ Nam Dệt Kim,Canifa,79000,120,4.5,10,"Bền, thoáng khí",male,https://file.hstatic.net/1000061481/file/2_0f92d38f2a4f4e18b0f1a679b78bc14f_2048x2048.png,
230,glasses,Kính Mát Vuông Nam,Ray-Ban,1699000,22,4.8,8,Phong cách cổ điển,male,https://www.chapi.vn/img/product/2021/5/6/kinh-ram-nam-mat-vuong-wanda-9-new.jpg,
231,bag,Túi Đeo Chéo Mini,Local,239000,65,4.6,8,"Dành cho đi chơi, dạo phố",female,https://gubag.vn/wp-content/uploads/2023/09/balo-deo-cheo-mini-gb-tc087.jpg,
232,watch,Đồng Hồ Quartz,Citizen,2599000,25,4.8,9,"Chính xác, sang trọng",unisex,https://cdn.tgdd.vn/Files/2019/07/11/1178902/dong-ho-may-quartz-la-gi-cach-nhan-biet-dong-ho-ma-11.jpg,
233,watch,Đồng Hồ Trẻ Em,Casio,899000,40,4.7,10,"Chống nước, nhẹ",unisex,https://cdn.tgdd.vn/Products/Images/7077/288629/masstel-smart-hero-10-thumbbbb-600x600.jpg,
234,perfume,Nước Hoa Mini,YSL,1499000,35,4.8,9,"Nhỏ gọn, dễ mang theo",female,https://missi.com.vn/wp-content/uploads/2020/06/Ban-sao-cua-Ban-sao-cua-Ban-sao-cua-Khong-co-tieu-de-15.jpg,
235,accessory,Vòng Cổ Nam Bản To,Routine,289000,45,4.6,8,"Cá tính, mạnh mẽ",male,https://tnj.vn/65134-large_default/day-chuyen-bac-nam-mat-xich-ban-to-dck0094.jpg,
236,wallet,Ví Da Vintage,Levi's,399000,40,4.7,9,Màu nâu cổ điển,male,https://babuhandmadeleather.com/wp-content/uploads/2021/11/vi-dai-da-bo-that-vi-da-bo-uy-tin-vi-da-bo-nau-vintage-brown-leather-wallet-leather-wallet-for-men-3.jpg,
237,bag,Túi Xách Tay Trơn,NEM,459000,30,4.7,8,"Đơn giản, sang trọng",female,https://product.hstatic.net/1000366086/product/t11__1__4986b673943b469896a4723f11d67315_847dcdf932f3489990a339db67eb29cb.jpg,
238,hat,Mũ Dệt Kim,Uniqlo,199000,60,4.6,7,"Giữ ấm, co giãn",unisex,https://sakurafashion.vn/upload/sanpham/large/45117-mu-len-nu-det-kim-2.jpg,
239,scarf,Khăn Choàng Mỏng Mùa Hè,H&M,199000,70,4.6,8,"Nhẹ, thoáng mát",female,https://product.hstatic.net/1000111569/product/z3864932145897_f0518d45e11e178d6a28d882a10ce762_8f55ef6977e84bb0b2419292fb8b474c.jpg,
240,shoes,Giày Slip-on,Vans,899000,50,4.7,9,"Dễ mang, thoải mái",unisex,https://www.pedroshoes.com/dw/image/v2/BCWJ_PRD/on/demandware.static/-/Sites-pd_vn-products/default/dw1a6007cd/images/hi-res/2024-L3-PM1-76210247-14-1.jpg?sw=1152&sh=1536,
241,shoes,Giày Cao Gót Quai Ngang,Zara,799000,30,4.8,7,"Tôn chân, sang trọng",female,https://img.mwc.com.vn/giay-thoi-trang?w=480&h=510&FileInput=/Resources/Product/2024/05/03/z5405585287410-13977ac891c95973d9c02f8f8dbdb93d8386b3df-57a4-44d5-9ccd-8afde8b5844b.jpg,
242,perfume,Nước Hoa Nam Woody,Dior,3499000,20,4.9,8,Hương trầm mạnh mẽ,male,https://vinskin.vn/wp-content/uploads/2023/08/Woody-Oud-EDP-80ml.webp,
243,glasses,Kính Cận Gọng Đen,Gentle Monster,2890000,20,4.9,7,"Sang trọng, hợp mọi khuôn mặt",unisex,https://kinhmateyeplus.com/wp-content/uploads/2024/11/61883624_2208083939312378_5611104030370562048_o-e1564114926151.jpg,
244,bag,Túi Crossbody Nhỏ,Local,259000,65,4.7,9,"Thời trang, tiện dụng",unisex,https://www.charleskeith.vn/dw/image/v2/BCWJ_PRD/on/demandware.static/-/Sites-vn-products/default/dwa081bac4/images/hi-res/2025-L2-CK2-00770664-09-1.jpg?sw=756&sh=1008,
245,accessory,Khuyên Tai Trái Tim,PNJ,299000,40,4.7,9,"Dễ thương, tinh tế",female,https://tnj.vn/11973-large_default/bong-tai-nu-bac-gia-re-hinh-trai-tim-btn0052.jpg,
246,belt,Thắt Lưng Nam Bản Lớn,Levi's,449000,45,4.7,8,"Mạnh mẽ, bền chắc",male,https://bizweb.dktcdn.net/thumb/grande/100/148/806/products/hh4138-1-7488e6af-578d-47a5-99a2-da3faca3fa9f.png?v=1719409970157,
247,bag,Túi Tote Basic,Local,239000,70,4.6,9,"Chất vải dày, casual",unisex,https://cdn1.fahasa.com/media/catalog/product/3/9/3900000070744-mau2-_1_.jpg,
248,perfume,Nước Hoa Nữ Rose,Gucci,3699000,25,4.9,9,Hương hoa hồng nhẹ nhàng,female,https://cdn.vuahanghieu.com/unsafe/0x900/left/top/smart/filters:quality(90)/https://admin.vuahanghieu.com/upload/product/2023/11/nuoc-hoa-nu-dior-miss-dior-rose-n-roses-eau-de-toilette-100ml-65643a78de0aa-27112023134304.jpg,
249,watch,Đồng Hồ Nam Automatic,Orient,3299000,20,4.8,8,"Lộ cơ, cổ điển",male,https://donghotantan.vn/upload_images/images/2023/09/21/dong-ho-co-lo-may.jpeg,
250,glasses,Kính Râm Thể Thao,Oakley,1799000,25,4.8,9,"Bám chắc, chống tia UV",unisex,https://kinhthethao.com/wp-content/uploads/2021/12/kttcom-bo-boi-lien-3990.jpg,
